{
  "wavelength_nm": 850,
  "description": "Gorilla DX/DX+ 대표 파라미터 (상대 위상 기준)",
  "theta_deg": [
    0.0,
    0.5,
    1.0,
    1.5,
    2.0,
    2.5,
    3.0,
    3.5,
    4.0,
    4.5,
    5.0,
    5.5,
    6.0,
    6.5,
    7.0,
    7.5,
    8.0,
    8.5,
    9.0,
    9.5,
    10.0,
    10.5,
    11.0,
    11.5,
    12.0,
    12.5,
    13.0,
    13.5,
    14.0,
    14.5,
    15.0,
    15.5,
    16.0,
    16.5,
    17.0,
    17.5,
    18.0,
    18.5,
    19.0,
    19.5,
    20.0,
    20.5,
    21.0,
    21.5,
    22.0,
    22.5,
    23.0,
    23.5,
    24.0,
    24.5,
    25.0,
    25.5,
    26.0,
    26.5,
    27.0,
    27.5,
    28.0,
    28.5,
    29.0,
    29.5,
    30.0,
    30.5,
    31.0,
    31.5,
    32.0,
    32.5,
    33.0,
    33.5,
    34.0,
    34.5,
    35.0,
    35.5,
    36.0,
    36.5,
    37.0,
    37.5,
    38.0,
    38.5,
    39.0,
    39.5,
    40.0
  ],
  "DX_T": [
    0.8959392505811135,
    0.8959420030209133,
    0.8959502642041092,
    0.8959640457213034,
    0.89598336688754,
    0.8960082547383611,
    0.8960387440242434,
    0.8960748772034078,
    0.8961167044329418,
    0.8961642835582085,
    0.8962176801004772,
    0.8962769672427107,
    0.896342225813449,
    0.8964135442686879,
    0.8964910186716927,
    0.8965747526706186,
    0.8966648574738504,
    0.8967614518229357,
    0.8968646619629891,
    0.8969746216104277,
    0.8970914719179018,
    0.8972153614362472,
    0.8973464460733155,
    0.8974848890494841,
    0.8976308608496816,
    0.8977845391716965,
    0.8979461088706014,
    0.898115761899031,
    0.8982936972431022,
    0.8984801208537183,
    0.8986752455729977,
    0.898879291055552,
    0.899092483684313,
    0.8993150564806264,
    0.8995472490082477,
    0.899789307270944,
    0.900041483603306,
    0.9003040365544138,
    0.9005772307639545,
    0.9008613368303495,
    0.9011566311704842,
    0.9014633958705347,
    0.9017819185274267,
    0.9021124920803779,
    0.9024554146319963,
    0.9028109892583299,
    0.9031795238072684,
    0.9035613306846253,
    0.9039567266272318,
    0.9043660324622786,
    0.9047895728521629,
    0.9052276760239851,
    0.9056806734828458,
    0.9061488997079928,
    0.9066326918308446,
    0.9071323892938368,
    0.9076483334889668,
    0.9081808673748601,
    0.9087303350710858,
    0.909297081428364,
    0.9098814515732436,
    0.9104837904257025,
    0.9111044421880341,
    0.9117437498032793,
    0.9124020543813275,
    0.9130796945906992,
    0.9137770060138719,
    0.9144943204638648,
    0.915231965259654,
    0.9159902624577908,
    0.9167695280374338,
    0.9175700710358045,
    0.9183921926308362,
    0.9192361851676033,
    0.920102331124817,
    0.9209909020174426,
    0.9219021572311984,
    0.9228363427843638,
    0.923793690012019,
    0.9247744141674566,
    0.9257787129351267
  ],
  "DX_delta_phi_deg": [
    0.0,
    -0.002608813947638129,
    -0.010434774388233373,
    -0.023476437270751813,
    -0.041731396363825966,
    -0.06519628403552499,
    -0.09386677234568444,
    -0.12773757444937045,
    -0.16680244631201308,
    -0.2110541887357757,
    -0.26048464969634677,
    -0.31508472699030643,
    -0.37484437119250774,
    -0.4397525889223794,
    -0.5097974464191999,
    -0.5849660734251731,
    -0.6652446673761016,
    -0.7506184978978767,
    -0.8410719116089894,
    -0.9365883372271262,
    -1.037150290979268,
    -1.1427393823138898,
    -1.253336319914117,
    -1.3689209180100832,
    -1.4894721029894982,
    -1.6149679203043854,
    -1.7453855416724962,
    -1.8807012725713566,
    -2.0208905600228158,
    -2.165928000666566,
    -2.315787349119733,
    -2.4704415266200486,
    -2.629862629950841,
    -2.7940219406440354,
    -2.9628899344589676,
    -3.1364362911339425,
    -3.3146299044064036,
    -3.4974388922996114,
    -3.684830607671118,
    -3.876771649019478,
    -4.0732278715456065,
    -4.27416439846352,
    -4.4795456325574,
    -4.689335267978886,
    -4.903496302280357,
    -5.121991048679353,
    -5.3447811485479315,
    -5.571827584121724,
    -5.803090691423148,
    -6.038530173391598,
    -6.278105113215487,
    -6.521773987858162,
    -6.769494681771687,
    -7.021224500790524,
    -7.276920186198082,
    -7.536537928957797,
    -7.800033384101062,
    -8.067361685262851,
    -8.338477459357334,
    -8.61333484138302,
    -8.891887489349063,
    -9.174088599312373,
    -9.459890920516054,
    -9.749246770617662,
    -10.042108050997422,
    -10.338426262135112,
    -10.638152519043365,
    -10.94123756674636,
    -11.247631795791253,
    -11.557285257779576,
    -11.870147680905635,
    -12.186168485488714,
    -12.505296799484489,
    -12.827481473962548,
    -13.152671098533913,
    -13.480814016714643,
    -13.811858341209396,
    -14.145751969098654,
    -14.482442596913884,
    -14.821877735582897,
    -15.164004725228658
  ],
  "DXp_T": [
    0.7669381025790002,
    0.7669358272784292,
    0.7669289945942667,
    0.7669175841703872,
    0.7669015620506792,
    0.7668808806352492,
    0.7668554786192265,
    0.7668252809142811,
    0.7667901985530124,
    0.7667501285763888,
    0.766704953904464,
    0.7666545431906212,
    0.7665987506596409,
    0.7665374159299191,
    0.7664703638202046,
    0.7663974041412559,
    0.7663183314728639,
    0.7662329249267257,
    0.766140947895689,
    0.7660421477899343,
    0.7659362557607113,
    0.7658229864122778,
    0.7657020375027237,
    0.7655730896344596,
    0.7654358059351284,
    0.7652898317297921,
    0.7651347942052772,
    0.7649703020676288,
    0.7647959451936412,
    0.7646112942775196,
    0.7644159004737527,
    0.7642092950373618,
    0.7639909889626824,
    0.763760472621973,
    0.7635172154051152,
    0.7632606653617897,
    0.7629902488475002,
    0.7627053701749436,
    0.7624054112721964,
    0.7620897313493056,
    0.7617576665748642,
    0.7614085297642408,
    0.7610416100811486,
    0.7606561727542848,
    0.7602514588108265,
    0.7598266848285652,
    0.7593810427085459,
    0.7589136994700406,
    0.7584237970697675,
    0.7579104522472172,
    0.7573727563980274,
    0.7568097754772778,
    0.756220549934635,
    0.7556040946832046,
    0.7549593991039854,
    0.7542854270877408,
    0.7535811171160863,
    0.7528453823835403,
    0.7520771109622236,
    0.7512751660108096,
    0.7504383860292682,
    0.749565585160821,
    0.7486555535424412,
    0.7477070577051048,
    0.7467188410248548,
    0.7456896242256037,
    0.7446181059344561,
    0.7435029632901039,
    0.7423428526047376,
    0.7411364100796479,
    0.7398822525745155,
    0.7385789784301612,
    0.7372251683442704,
    0.73581938629937,
    0.7343601805420844,
    0.7328460846124046,
    0.7312756184214445,
    0.7296472893758711,
    0.7279595935468907,
    0.726211016881384,
    0.7244000364524871
  ],